name, full_name, valid, irrelevant, missing, invalid, cpp, cs, objc, go, java, coffee, js, ts, ruby, php, python, perl, clojure, erlang, haskell, scala 
"GreenDroid","00s/GreenDroid",41,15,1,0,0,0,0,0,0,0,0,0,0,0,1,0,0,0,0,0
"angular.js","00s/angular.js",2988,1048,11,0,0,0,0,0,0,0,6,0,5,0,0,0,0,0,0,0
"cli","0111001101111010/cli",81,25,2,0,0,0,0,2,0,0,0,0,0,0,0,0,0,0,0,0
"phaser","0111001101111010/phaser",698,52,366,0,0,0,0,0,0,0,348,26,0,43,0,0,0,0,0,0
"Arduino","01org/Arduino",990,921,145,0,129,0,0,0,8,0,0,0,0,0,0,8,0,0,0,0
"PhotoView","02110917/PhotoView",125,71,24,0,0,0,0,0,24,0,0,0,0,0,0,0,0,0,0,0
"picasso","02110917/picasso",270,56,4,0,0,0,0,0,3,0,1,0,0,0,0,0,0,0,0,0
"springside4","02N/springside4",444,293,64,0,0,0,0,0,45,0,14,0,0,0,0,0,0,0,0,8
"ActionBarSherlock","0359xiaodong/ActionBarSherlock",796,540,15,0,0,0,0,0,0,0,5,0,0,0,10,0,0,0,0,0
"MBProgressHUD","0359xiaodong/MBProgressHUD",125,59,23,0,22,0,2,0,0,0,0,0,0,0,0,0,0,0,0,0
"NineOldAndroids","0359xiaodong/NineOldAndroids",56,50,0,0,0,0,0,0,0,0,0,0,0,0,0,0,0,0,0,0
"PushSharp","0359xiaodong/PushSharp",257,69,1,0,0,0,0,0,0,0,1,0,0,0,0,0,0,0,0,0
"SlidingMenu","0359xiaodong/SlidingMenu",193,91,0,0,0,0,0,0,0,0,0,0,0,0,0,0,0,0,0,0
"facebook-android-sdk","0359xiaodong/facebook-android-sdk",370,62,0,0,0,0,0,0,0,0,0,0,0,0,0,0,0,0,0,0
"libgdx","0359xiaodong/libgdx",5481,1328,425,0,37,0,2,0,375,0,10,0,0,0,15,0,0,0,0,0
"cancan","0612800232/cancan",274,88,0,0,0,0,0,0,0,0,0,0,0,0,0,0,0,0,0,0
"three.js","06wj/three.js",4733,3239,7168,0,4,0,0,0,0,0,6985,1,0,1,208,0,0,0,0,0
"bootstrap","09133695/bootstrap",1012,5703,372,0,0,0,0,0,0,0,361,0,0,0,11,0,0,0,0,0
"scikit-learn","0asa/scikit-learn",11089,2597,1586,0,395,0,0,0,0,0,17,0,0,0,1242,0,0,0,0,0
"martini","0dayZh/martini",153,69,3,0,0,0,0,3,0,0,0,0,0,0,0,0,0,0,0,0
"zerorpc-python","0rpc/zerorpc-python",88,31,24,0,0,0,0,0,0,0,0,0,0,0,24,0,0,0,0,0
"Effeckt.css","0x0all/Effeckt.css",80,171,0,0,0,0,0,0,0,0,0,0,0,0,0,0,0,0,0,0
"html5-boilerplate","0x0all/html5-boilerplate",111,959,13,0,0,0,0,0,0,0,2,0,3,8,0,0,0,0,0,0
"revel","0x19/revel",583,83,30,0,0,0,0,28,0,0,2,0,0,0,0,0,0,0,0,0
"DesignPatternsPHP","shelwinnn/DesignPatternsPHP",197,28,1,0,0,0,0,0,0,0,0,0,0,1,0,0,0,0,0,0
"GPUImage","0x4d52/GPUImage",532,47,61,0,44,0,33,0,0,0,0,0,0,0,0,0,0,0,0,0
"FlatUIKit","0x73/FlatUIKit",92,39,20,0,11,0,12,0,0,0,0,0,0,0,0,0,0,0,0,0
"symfony","0x73/symfony",9799,2025,1022,0,3,0,0,0,0,0,0,0,0,1020,0,0,0,0,0,0
"tornado","0x73/tornado",1531,311,381,0,2,0,0,0,0,0,3,0,0,0,376,0,0,0,0,0
"youtube-dl","0x7678/youtube-dl",2360,653,52,0,0,0,0,0,0,0,0,0,0,0,52,0,0,0,0,0
"git","0xAX/git",12481,16929,3370,0,3140,0,0,1,0,0,23,0,2,2,49,158,0,0,0,0
"MySQLTuner-perl","0xCCD/MySQLTuner-perl",70,4,0,0,0,0,0,0,0,0,0,0,0,0,0,0,0,0,0,0
"Projects","0xCMP/Projects",44,94,2,0,0,0,0,0,0,0,0,0,0,0,2,0,0,0,0,0
"framework","0xMatt/framework",2231,367,708,1638,0,0,0,0,0,0,0,0,0,708,0,0,0,0,0,0
"LightTable","0x90sled/LightTable",207,101,83,0,0,0,0,0,0,1,16,0,0,0,0,0,74,0,0,0
"handlebars.js","0xack13/handlebars.js",644,247,0,0,0,0,0,0,0,0,0,0,0,0,0,0,0,0,0,0
"AFNetworking","0xced/AFNetworking",952,266,304,0,194,0,143,0,0,0,0,0,0,0,0,0,0,0,0,0
"scalatra","0xfaded/scalatra",1562,247,18,0,0,0,0,0,0,0,4,0,0,0,0,0,0,0,0,14
"docker","rtzll/docker",2525,2217,1866,0,1,0,0,1846,0,0,10,0,0,0,9,3,0,0,0,0
"dogecoin","1000010/dogecoin",31,43,9,0,7,0,0,0,0,0,0,2,0,0,0,0,0,0,0,0
"assetic","1001Pharmacies/assetic",674,115,1,0,0,0,0,0,0,0,0,0,0,1,0,0,0,0,0,0
"Android-Universal-Image-Loader","10045125/Android-Universal-Image-Loader",399,313,38,0,0,0,0,0,38,0,0,0,0,0,0,0,0,0,0,0
"guard","100star/guard",961,541,0,0,0,0,0,0,0,0,0,0,0,0,0,0,0,0,0,0
"influxdb","100star/influxdb",438,191,105,0,0,0,0,87,0,0,3,0,15,0,0,0,0,0,0,0
"django","1013553207/django",10661,5803,161,0,0,0,0,0,0,0,2,0,0,0,160,0,0,0,0,0
"roots","10Dimensional/roots",568,228,33,0,0,0,0,0,0,0,17,0,0,23,0,0,0,0,0,0
"WordPress","10fish/WordPress",22651,1961,40,0,0,0,0,0,0,0,8,0,0,33,0,0,0,0,0,0
"fake-s3","10io/fake-s3",36,13,1,0,0,0,0,0,0,0,0,0,0,0,1,0,0,0,0,0
"gitlabhq","123Haynes/gitlabhq",3605,3580,1060,0,0,0,0,0,0,73,9,0,1013,0,0,0,0,0,0,0
"gobyexample","13211331331/gobyexample",482,162,2,0,2,2,2,0,2,2,2,0,2,2,2,0,2,2,2,2
"memcached","13693100472/memcached",598,244,148,0,22,0,0,0,0,0,0,0,0,0,0,127,0,0,0,0
"zxcvbn","13xforever/zxcvbn",73,25,5,0,0,0,0,0,0,0,0,0,0,0,5,0,0,0,0,0
"wysihtml5","14lox/wysihtml5",117,25,0,0,0,0,0,0,0,0,0,0,0,0,0,0,0,0,0,0
"fluent-nhibernate","151706061/fluent-nhibernate",1126,157,39,0,0,24,0,0,0,0,1,0,14,0,0,0,0,0,0,0
"select2","18098924759/select2",685,166,135,0,0,0,0,0,0,0,135,0,0,0,0,0,0,0,0,0
"twemproxy","18098924759/twemproxy",108,88,22,0,21,0,0,0,0,0,0,0,0,0,5,0,0,0,0,0
"dagger","huaerlala/dagger",262,99,33,0,0,0,0,0,30,0,2,0,2,0,0,0,0,0,0,0
"better_errors","18Months/better_errors",164,142,8,0,0,0,0,0,0,0,0,0,8,0,0,0,0,0,0,0
"capnproto","191919/capnproto",83,91,212,0,204,0,0,0,0,0,5,0,0,0,4,0,0,0,0,0
"jquery-pjax","1974kpkpkp/jquery-pjax",218,62,1,0,0,0,0,0,0,0,1,0,0,0,0,0,0,0,0,0
"backbone","1998763/backbone",1200,541,75,0,0,0,0,0,0,0,75,0,0,0,0,0,0,0,0,0
"underscore","1998763/underscore",732,205,26,0,0,0,0,0,0,0,26,0,0,0,0,0,0,0,0,0
"nsq","19hz/nsq",626,103,10,0,0,0,0,5,0,0,0,0,0,0,5,0,0,0,0,0
"MuseScore","19joho66/MuseScore",2512,559,999,0,989,0,0,0,0,0,0,11,0,0,0,0,0,0,0,0
"jenkins","1and1/jenkins",9688,7270,897,0,2,0,0,0,839,0,19,0,23,0,10,6,0,0,0,0
"moment","1ec5/moment",1174,170,24,0,0,0,0,0,0,0,24,0,0,0,0,0,0,0,0,0
"smallchange","1manStartup/smallchange",1483,441,149,0,141,0,0,0,0,0,0,0,0,0,8,0,0,0,0,0
"Slim","1nv4d3r5/Slim",848,144,71,0,0,0,0,0,0,0,0,0,0,71,0,0,0,0,0,0
"fabric","gdyuldin/fabric",1741,765,17,0,0,0,0,0,0,0,0,0,0,0,17,0,0,0,0,0
"wintersmith","1upon0/wintersmith",182,106,9,0,0,0,0,0,0,8,1,0,0,0,0,0,0,0,0,0
"SVProgressHUD","1yvT0s/SVProgressHUD",181,50,7,0,5,0,2,0,0,0,0,0,0,0,0,0,0,0,0,0
"scrapy","1yvT0s/scrapy",2674,937,140,0,0,0,0,0,0,0,2,0,0,0,138,0,0,0,0,0
"wrk","1yvT0s/wrk",30,1,0,0,0,0,0,0,0,0,0,0,0,0,0,0,0,0,0,0
"xctool","1yvT0s/xctool",478,87,11,0,4,0,1,0,0,0,0,0,0,0,6,0,0,0,0,0
"ECSlidingViewController","200895045/ECSlidingViewController",184,64,8,0,8,0,1,0,0,0,0,0,0,0,0,0,0,0,0,0
"cowboy","276361270/cowboy",684,224,36,0,0,0,0,0,0,0,0,0,0,0,5,0,0,32,0,0
"lager","276361270/lager",259,77,88,0,0,0,0,0,0,0,0,0,0,0,0,0,0,88,0,0
"coffee-script","292388900/coffee-script",2803,386,50,0,0,0,0,0,0,34,37,0,0,0,0,0,0,0,0,0
"uikit","2947721120/uikit",214,275,0,0,0,0,0,0,0,0,0,0,0,0,0,0,0,0,0,0
"jedis","2bitoperations/jedis",416,130,80,0,0,0,0,0,80,0,0,0,0,0,0,0,0,0,0,0
"4clojure","4clojure/4clojure",666,49,5,0,0,0,0,0,0,0,0,0,0,0,0,0,5,0,0,0
"Idris-dev","4e6/Idris-dev",1581,1087,894,0,34,0,0,0,6,0,29,0,0,0,0,10,0,0,845,0
"devise","4nshu19/devise",1636,602,174,0,0,0,0,0,0,0,0,0,174,0,0,0,0,0,0,0
"dropzone","57-Wolve/dropzone",415,120,51,0,0,0,0,0,0,43,18,0,0,1,0,0,0,0,0,0
"RxJava","A-w-K/RxJava",1050,379,166,0,0,0,0,0,133,0,0,0,4,0,0,0,27,0,0,8
"erlydtl","A40in/erlydtl",438,77,37,0,0,0,0,0,0,0,0,0,0,0,0,0,0,37,0,0
"TrinityCore","ipanamski/TrinityCore",14107,4525,2619,0,2603,3,0,0,0,0,2,0,0,11,1,4,0,0,0,0
"python-for-android","ASMfreaK/python-for-android",119,242,14,0,7,0,1,0,1,0,0,0,0,0,7,1,0,0,0,0
"bottle","AWFU/bottle",873,286,11,0,0,0,0,0,0,0,3,0,0,0,8,0,0,0,0,0
"Torque3D","Azaezel/Torque3D",210,324,1625,0,1489,202,16,0,2,0,3,0,0,9,3,5,0,0,0,0
"scalding","AaroC357/scalding",947,220,881,0,0,0,0,0,17,0,0,0,32,0,0,0,0,0,0,855
"nui","AaronYi/nui",159,74,2,0,2,0,1,0,0,0,0,0,0,0,0,0,0,0,0,0
"typeahead.js","Abbaty/typeahead.js",108,54,111,0,0,0,0,0,0,0,111,0,0,0,0,0,0,0,0,0
"json-framework","AbelSu131/json-framework",505,346,64,0,64,0,0,0,0,0,0,0,0,0,0,0,0,0,0,0
"goldendict","Abs62/goldendict",334,195,1112,0,1088,0,11,0,0,0,0,22,0,0,0,0,0,0,0,0
"netty","AchinthaReemal/netty",4811,584,6,0,0,0,0,0,5,0,1,0,0,0,0,0,0,0,0,0
"spark","Aegeaner/spark",2684,511,910,1,3,2,0,0,35,0,3,0,9,0,39,0,0,0,0,860
"webmachine","Ahmah2009/webmachine",251,101,1,0,0,0,0,0,0,0,0,0,0,0,0,0,0,1,0,0
"codecombat","AkaKaras/codecombat",206,119,563,0,1,0,0,0,0,531,54,0,0,0,20,0,0,0,0,0
"tagainijisho","Akeru/tagainijisho",119,396,955,0,955,0,0,0,0,0,0,0,0,0,0,0,0,0,0,0
"riemann","AkihiroSuda/riemann",564,70,29,0,0,0,0,0,1,0,0,0,0,0,0,0,28,0,0,0
"pace","asonni/pace",91,158,3,0,0,0,0,0,0,2,3,0,0,0,0,0,0,0,0,0
"appjs","Alafazam/appjs",322,170,25,0,9,0,14,0,0,0,2,0,0,0,0,0,0,0,0,0
"spire","AlecZorab/spire",713,71,9,0,0,0,0,0,0,0,0,0,0,0,0,0,0,0,0,9
"mezzanine","AlexHill/mezzanine",1828,1290,90,0,0,0,0,0,0,0,19,0,0,0,74,0,0,0,0,0
"less.js","AlexMeliq/less.js",1163,387,502,0,0,0,0,0,0,0,502,0,0,0,0,0,0,0,0,0
"hubot","AlexandrPuryshev/hubot",530,385,26,0,0,0,0,0,0,26,0,0,0,0,0,0,0,0,0,0
"dropwizard","Alexey1Gavrilov/dropwizard",1015,805,181,0,0,0,0,0,164,0,2,0,0,0,15,0,0,0,0,0
"node-serialport","AlexeyPopov/node-serialport",162,149,77,0,42,0,0,0,0,0,41,0,0,0,0,0,0,0,0,0
"disruptor","AllenRay/disruptor",543,140,0,0,0,0,0,0,0,0,0,0,0,0,0,0,0,0,0,0
"quartznet","AlonAm/quartznet",603,129,0,0,0,0,0,0,0,0,0,0,0,0,0,0,0,0,0,0
"kafka","Altiscale/kafka",621,75,17,0,2,4,0,3,0,0,0,0,3,4,0,0,5,0,0,2
"metrics","AltitudeDigital/metrics",946,480,108,0,0,0,0,0,87,0,3,0,0,0,18,0,0,0,0,0
"gor","Amirus/gor",134,65,60,0,0,0,0,60,0,0,0,0,0,0,0,0,0,0,0,0
"PaperFold-for-iOS","AmitaiB/PaperFold-for-iOS",91,21,1,0,1,0,0,0,0,0,0,0,0,0,0,0,0,0,0,0
"ViewDeck","Amnysia/ViewDeck",382,55,15,0,15,0,1,0,0,0,0,0,0,0,0,0,0,0,0,0
"erlcloud","Amplify-Social/erlcloud",216,21,54,0,0,0,0,0,0,0,0,0,0,0,0,0,0,54,0,0
"vex","AndBicScadMedia/vex",30,126,17,0,0,0,0,0,0,0,17,0,0,0,0,0,0,0,0,0
"android","tadakatsu/android",1603,783,55,0,0,0,0,0,50,0,6,0,0,0,0,0,0,0,0,0
"PHP-CS-Fixer","AplayER/PHP-CS-Fixer",181,44,14,0,0,0,0,0,0,0,0,0,0,14,0,0,0,0,0,0
"mosh","AppleLife/mosh",282,23,12,0,12,0,0,0,0,0,0,0,0,0,0,0,0,0,0,0
"sqlite-net","Applied-Duality/sqlite-net",173,20,34,0,0,34,0,0,0,0,0,0,0,0,0,0,0,0,0,0
"the_silver_searcher","Arkanosis/the_silver_searcher",686,232,100,0,81,0,0,0,0,0,0,0,0,0,1,33,0,0,0,0
"vagrant","ArloL/vagrant",3643,790,203,0,0,0,0,0,0,0,2,0,187,0,15,0,0,0,0,0
"blackfriday","ateleshev/blackfriday",125,17,42,0,0,0,0,42,0,0,0,0,0,0,0,0,0,0,0,0
"presto","ArturGajowy/presto",2017,284,9,0,0,0,0,0,1,0,1,0,0,0,7,0,0,0,0,0
"boto","Asana/boto",3890,583,401,0,0,0,0,0,0,0,0,0,0,0,401,0,0,0,0,0
"azure-sdk-for-net","AsrOneSdk/azure-sdk-for-net",311,274,87,0,0,85,0,0,0,0,2,0,0,0,0,0,0,0,0,0
"App-perlbrew","Asuza/App-perlbrew",86,336,694,0,0,0,0,0,0,0,0,0,0,0,0,694,0,0,0,0
"slick","AtkinsChang/slick",826,65,55,0,0,0,0,0,0,0,0,0,0,0,11,0,0,0,0,45
"atmosphere","Atmosphere/atmosphere",3573,666,8,0,0,0,0,0,2,0,0,0,1,0,0,0,0,0,0,5
"shapeless","Atry/shapeless",500,107,10,0,0,0,0,0,0,0,0,0,0,0,0,0,0,0,0,10
"shellcheck","AubreyEAnderson/shellcheck",294,24,1,0,0,0,0,0,0,0,0,0,0,0,0,0,0,0,1,0
"AutoMapper","AutoMapper/AutoMapper",403,150,549,0,0,549,0,0,0,0,0,0,0,0,0,0,0,0,0,0
"CocoaLumberjack","AutoScout24/CocoaLumberjack",165,71,28,0,25,0,7,0,0,0,1,0,0,0,0,0,0,0,0,0
"scribe","Ayear0608/scribe",74,21,12,0,7,0,0,0,0,0,0,0,0,4,1,0,0,0,0,0
"bower","Backbase/bower",886,395,21,0,0,0,0,0,0,0,21,0,0,0,0,0,0,0,0,0
"cakephp","Balachan27/cakephp",13753,1129,7509,0,0,0,0,0,0,0,11,0,0,7506,0,0,0,0,0,0
"Faker","Balamir/Faker",368,78,95,0,0,0,0,0,0,0,0,0,0,95,0,0,0,0,0,0
"httpie","Batterfii/httpie",296,99,8,0,0,0,0,0,0,0,0,0,0,0,8,0,0,0,0,0
"jquery.payment","Bhavinshah5111/jquery.payment",28,27,9,0,0,0,0,0,0,4,5,0,0,0,0,0,0,0,0,0
"qBittorrent","BizzyBane/qBittorrent",3574,891,558,0,513,0,0,0,0,0,47,3,0,0,4,0,0,0,0,0
"chosen","BlaZeX/chosen",442,304,45,0,0,0,0,0,0,45,3,0,0,0,0,0,0,0,0,0
"GMGridView","BlessNeo/GMGridView",86,20,10,0,10,0,0,0,0,0,0,0,0,0,0,0,0,0,0,0
"paperclip","BlinkerGit/paperclip",1031,255,11,0,0,0,0,0,0,0,0,0,11,0,0,0,0,0,0,0
"helios","Bogon/helios",30,39,9,0,0,0,0,0,0,5,1,0,3,0,0,0,0,0,0,0
"PredictionIO","YummyKaya/PredictionIO",430,351,578,0,0,0,0,0,84,0,5,0,0,0,25,0,0,0,0,513
"kaminari","Boomkat/kaminari",353,233,9,0,0,0,0,0,0,0,0,0,9,0,0,0,0,0,0,0
"OwlCarousel","BrandyMint/OwlCarousel",45,37,0,0,0,0,0,0,0,0,0,0,0,0,0,0,0,0,0,0
"finagle","BuoyantIO/finagle",1792,722,496,0,2,0,0,0,25,0,2,0,14,0,6,0,0,0,0,467
"docopt","BurntSushi/docopt",305,75,2,0,0,0,0,0,0,0,2,0,0,0,0,0,0,0,0,0
"folly","Spring-Xu/folly",361,38,169,0,167,0,0,0,0,0,0,0,0,0,2,0,0,0,0,0
"rebar","CMoH/rebar",876,368,113,0,1,0,0,0,0,0,0,0,0,0,0,0,0,112,0,0
"capistrano","CanalTP/capistrano",137,162,31,0,0,0,0,0,0,0,0,0,31,0,0,0,0,0,0,0
"mojo","CandyAngel/mojo",153,271,6994,0,0,0,0,0,0,0,22,0,0,3,0,6987,0,0,0,0
"oriDomi","CarMoreno/oriDomi",441,154,12,0,0,0,0,0,0,12,0,0,0,0,0,0,0,0,0,0
"sshuttle","CasparLi/sshuttle",158,31,1,0,1,0,0,0,0,0,0,0,0,0,0,0,0,0,0,0
"zipkin","ChartBoost/zipkin",298,54,10,0,0,0,0,0,0,0,0,0,0,0,0,0,0,0,0,10
"XVim","KyneChen/XVim",650,158,39,0,22,0,31,0,0,0,0,0,1,0,0,0,0,0,0,0
"sortable","ChrisGhenea/sortable",63,65,3,0,0,0,0,0,0,3,0,0,0,0,0,0,0,0,0,0
"compojure","Christopher-Bui/compojure",639,107,12,0,0,0,0,0,0,0,0,0,0,0,0,0,12,0,0,0
"offline","Climax777/offline",61,92,5,0,0,0,0,0,0,2,2,0,3,0,0,0,0,0,0,0
"eredis","Cloven/eredis",51,37,2,0,0,0,0,0,0,0,0,0,0,0,0,0,0,2,0,0
"Cockatrice","Cockatrice/Cockatrice",948,196,86,0,86,0,0,0,0,0,0,0,0,0,0,0,0,0,0,0
"hallo","CodericSandbox/hallo",416,60,11,0,0,0,0,0,0,11,0,0,0,0,0,0,0,0,0,0
"bourbon","Comi9/bourbon",81,454,1,0,0,0,0,0,0,0,0,0,1,0,0,0,0,0,0,0
"compass","Compass/compass",1071,1696,168,1,0,0,0,0,0,0,17,0,152,0,0,0,0,0,0,0
"beanstalkd","CompendiumSoftware/beanstalkd",489,166,18,0,17,0,0,0,0,0,0,0,0,0,1,0,0,0,0,0
"breeze","ContentSquare/breeze",1450,151,25,0,0,0,0,0,1,0,0,0,0,0,0,0,0,0,0,24
"etcd","CrazyJvm/etcd",704,263,518,0,0,0,0,501,0,0,17,0,0,0,1,0,0,0,0,0
"rendr","CristinaFoltea/rendr",560,148,21,0,0,0,0,0,0,0,21,0,0,0,0,0,0,0,0,0
"node.bcrypt.js","DJMcK/node.bcrypt.js",42,127,31,0,31,0,0,0,0,0,0,0,0,0,0,0,0,0,0,0
"MahApps.Metro","Danghor/MahApps.Metro",611,632,53,0,0,53,0,0,0,0,0,0,0,0,0,0,0,0,0,0
"algebird","DanielleSucher/algebird",347,49,109,0,0,0,0,0,2,0,0,0,2,0,0,0,0,0,0,106
"gitlist","DannyvdSluijs/gitlist",222,114,17,0,0,0,0,0,0,0,4,0,0,14,0,0,0,0,0,0
"daux.io","DarthVanger/daux.io",41,50,6,0,0,0,0,0,0,0,4,0,0,3,0,0,0,0,0,0
"whenever","Dearest/whenever",185,92,0,0,0,0,0,0,0,0,0,0,0,0,0,0,0,0,0,0
"DefinitelyTyped","DefinitelyTyped/DefinitelyTyped",924,404,9541,8,0,0,0,0,0,0,63,9529,0,0,0,0,0,0,0,0
"powerline","jurf/powerline",584,306,115,0,2,0,0,0,0,0,0,0,0,0,114,0,0,0,0,0
"docco","DoomHammer/docco",173,139,23,0,0,0,0,0,1,18,3,0,2,0,0,0,0,0,0,1
"turbolinks","DrewMartin/turbolinks",167,86,13,0,0,0,0,0,0,0,0,0,13,0,0,0,0,0,0,0
"zombie","DrorT/zombie",738,397,128,0,3,0,0,0,0,109,63,0,0,0,0,0,0,0,0,0
"grape","Ebooom/grape",467,260,1,0,0,0,0,0,0,0,1,0,0,0,0,0,0,0,0,0
"tiled","EdenIndustries/tiled",1120,349,687,0,601,0,2,0,3,0,0,75,12,0,6,0,0,0,0,0
"instaparse","Engelberg/instaparse",322,90,76,0,0,0,0,0,0,0,2,0,0,0,0,0,76,0,0,0
"Akavache","ErikEJ/Akavache",345,170,83,0,0,83,0,0,0,0,0,0,0,0,0,0,0,0,0,0
"showdown","ErisDS/showdown",57,53,0,0,0,0,0,0,0,0,0,0,0,0,0,0,0,0,0,0
"hubot-scripts","Ev1l/hubot-scripts",1630,104,225,0,0,0,0,0,0,219,6,0,0,0,0,0,0,0,0,0
"fsnotify","FactomProject/fsnotify",133,28,0,0,0,0,0,0,0,0,0,0,0,0,0,0,0,0,0,0
"veewee","Falkor/veewee",965,551,141,0,0,0,0,0,3,0,0,0,138,0,0,0,0,0,0,0
"ejabberd","Feanor184/ejabberd",2064,906,227,0,0,0,0,0,0,0,0,0,0,0,0,4,0,223,0,0
"serf","FollowMyDev/serf",437,198,27,0,0,0,0,11,0,0,11,0,6,0,1,0,0,0,0,0
"Haskell-Pipes-Library","FranklinChen/Haskell-Pipes-Library",796,60,1,0,0,0,0,0,0,0,0,0,0,0,0,0,0,0,1,0
"IHaskell","FranklinChen/IHaskell",212,77,10,0,0,0,0,0,0,0,6,0,0,0,5,0,0,0,0,0
"websocketd","FranklinChen/websocketd",45,33,6,0,0,0,0,0,0,0,1,0,1,1,2,4,0,0,0,0
"Hystrix","Fsero/Hystrix",127,277,39,0,0,0,0,0,22,0,5,0,0,0,0,0,12,0,0,0
"yi","Fuuzetsu/yi",4061,697,31,0,11,0,0,0,0,0,0,0,0,0,0,6,0,0,14,0
"gatling","gplassard/gatling",2616,561,1,0,0,0,0,0,0,0,0,0,0,0,0,0,0,0,0,1
"gorp","GeertJohan/gorp",131,54,69,0,0,0,0,69,0,0,0,0,0,0,0,0,0,0,0,0
"odometer","GerHobbelt/odometer",100,132,5,0,0,0,0,0,0,1,0,0,4,0,0,0,0,0,0,0
"glances","Giamma94/glances",393,239,382,0,0,0,0,0,0,0,9,0,0,0,379,0,0,0,0,0
"otp","GinjaNinja32/otp",6253,2422,2681,0,710,0,0,0,31,0,2,0,0,0,11,1,0,2084,0,0
"Polycode","GovanifY/Polycode",688,187,267,0,250,0,25,0,0,0,5,0,0,0,6,0,0,0,0,0
"jsx","GrandCru/jsx",611,260,53,0,0,0,0,0,0,0,0,0,0,0,0,0,0,53,0,0
"goose","GravityLabs/goose",135,37,0,0,0,0,0,0,0,0,0,0,0,0,0,0,0,0,0,0
"pandas","GuessWhoSamFoo/pandas",5903,1272,830,0,32,0,0,0,0,0,0,0,0,0,801,0,0,0,0,0
"SeeGit","Haacked/SeeGit",77,43,1,0,0,1,0,0,0,0,0,0,0,0,0,0,0,0,0,0
"cabal","mpkh/cabal",3818,838,30,0,3,0,0,0,0,0,0,0,0,0,0,0,0,0,27,0
"tiedot","HouzuoGuo/tiedot",234,51,90,0,0,0,0,90,0,0,0,0,0,0,0,0,0,0,0,0
"retinajs","Iamronan/retinajs",30,52,35,0,0,0,0,0,0,18,17,0,0,0,0,0,0,0,0,0
"django-crispy-forms","IanLee1521/django-crispy-forms",499,442,127,0,0,0,0,0,0,0,13,0,0,0,114,0,0,0,0,0
"pyapns","Instagram/pyapns",37,25,12,0,0,0,0,0,0,0,1,0,11,0,0,0,0,0,0,0
"hakyll","Javran/hakyll",826,358,25,0,0,0,0,0,0,0,0,0,0,0,0,0,0,0,25,0
"qml","Jenyay/qml",140,26,23,0,15,0,0,15,0,0,0,0,0,0,0,0,0,0,0,0
"vowpal_wabbit","JohnLangford/vowpal_wabbit",48,456,1470,0,1448,77,0,0,0,0,0,0,0,0,5,1,0,0,0,0
"elli","K2InformaticsGmbH/elli",224,47,4,0,0,0,0,0,0,0,0,0,0,0,0,0,0,4,0,0
"proper","K2InformaticsGmbH/proper",301,76,5,0,0,0,0,0,0,0,0,0,0,0,0,0,0,5,0,0
"ranch","K2InformaticsGmbH/ranch",74,50,0,0,0,0,0,0,0,0,0,0,0,0,0,0,0,0,0,0
"octopi","LAC1213/octopi",348,56,13,0,13,0,0,0,0,0,0,0,0,0,0,0,0,0,0,0
"rakudo","LLFourn/rakudo",786,5813,8017,0,70,0,0,0,2,0,0,0,0,0,0,7966,0,0,0,0
"cheshire","Leonidas-from-XIV/cheshire",253,66,1,0,0,0,0,0,0,0,0,0,0,0,0,0,1,0,0,0
"rootbeer1","Lexine/rootbeer1",426,142,3,0,1,0,1,0,0,0,0,0,1,0,0,0,0,0,0,0
"zeus","Lexxville/zeus",372,148,3,0,1,0,2,0,0,0,0,0,0,0,0,0,0,0,0,0
"CraftBukkit","LinEvil/CraftBukkit",2306,160,3,0,0,0,0,0,3,0,0,0,0,0,0,0,0,0,0,0
"socketstream","ListnPlay/socketstream",404,253,38,0,0,0,0,0,0,0,38,0,0,0,0,0,0,0,0,0
"jquery-bracket","Luttenegger/jquery-bracket",29,16,23,0,0,0,0,0,0,0,23,0,1,0,0,0,0,0,0,0
"hugo","MarkDBlackwell/hugo",243,78,4,0,0,0,0,0,0,0,4,0,0,0,0,0,0,0,0,0
"qupzilla","Martii/qupzilla",2106,247,48,0,46,0,0,0,0,0,0,0,0,0,2,0,0,0,0,0
"TodoTxtJs","MartinSGill/TodoTxtJs",159,40,1,0,0,0,0,0,0,0,0,0,0,1,0,0,0,0,0,0
"Futile","MattRix/Futile",347,81,0,0,0,0,0,0,0,0,0,0,0,0,0,0,0,0,0,0
"Adaptive-Images","MattWilcox/Adaptive-Images",42,25,0,0,0,0,0,0,0,0,0,0,0,0,0,0,0,0,0,0
"RedPhone","McLoo/RedPhone",93,48,0,0,0,0,0,0,0,0,0,0,0,0,0,0,0,0,0,0
"roundcubemail","MelissaKincheloe/roundcubemail",3767,3414,871,0,4,0,0,0,0,0,354,0,0,586,0,0,0,0,0,0
"hesokuri","MerelyAPseudonym/hesokuri",182,35,2,0,0,0,0,0,2,0,0,0,0,0,0,0,0,0,0,0
"gocode","MerlinDMC/gocode",378,140,16,0,0,0,0,0,0,0,0,0,7,0,9,0,0,0,0,0
"namecoin","Midar/namecoin",558,158,103,0,98,0,0,0,0,0,0,2,0,0,3,0,0,0,0,0
"giter8","MonsantoCo/giter8",192,125,11,0,0,0,0,0,0,0,0,0,0,0,0,0,0,0,0,11
"AndEngine","Munazza/AndEngine",1603,75,2,0,2,0,0,0,0,0,0,0,0,0,0,0,0,0,0,0
"scoobi","NICTA/scoobi",1328,200,97,0,0,0,0,0,5,0,2,0,0,0,0,0,0,0,0,91
"pattern","Rbud/pattern",671,109,0,0,0,0,0,0,0,0,0,0,0,0,0,0,0,0,0,0
"anchor-cms","NathanLawrence/anchor-cms",883,90,21,0,0,0,0,0,0,0,4,0,0,19,0,0,0,0,0,0
"shotcut","NeilBryant/shotcut",645,215,14,0,8,0,0,0,0,0,5,0,0,0,1,0,0,0,0,0
"fmdb","Onetaway/fmdb",148,45,32,0,31,0,1,0,0,0,0,0,0,0,0,0,0,0,0,0
"ground","OptimalBits/ground",1240,159,0,0,0,0,0,0,0,0,0,0,0,0,0,0,0,0,0,0
"PHPExcel","PHPOffice/PHPExcel",689,141,51,0,0,0,0,0,0,0,0,0,0,51,0,0,0,0,0,0
"ink","PeoplePerHour/ink",50,111,14,0,0,0,0,0,0,0,14,0,0,0,0,0,0,0,0,0
"pokerth","Pik-9/pokerth",2849,648,109,0,109,0,0,0,0,0,0,0,0,0,0,0,0,0,0,0
"razor-qt","Razor-qt/razor-qt",1441,453,63,0,58,0,0,0,0,0,0,0,0,1,4,1,0,0,0,0
"Rex","RexOps/Rex",37,307,1410,0,0,0,0,0,0,0,0,0,0,0,0,1410,0,0,0,0
"nhibernate-core","RogerKratz/nhibernate-core",5455,1092,252,0,0,251,0,0,0,0,1,0,0,0,0,0,0,0,0,0
"Twig","rvanlaak/Twig",1339,581,54,0,9,0,0,0,0,0,0,0,0,51,0,0,0,0,0,0
"sync","SCDependencies/sync",60,14,0,0,0,0,0,0,0,0,0,0,0,0,0,0,0,0,0,0
"MiniProfiler","SamSaffron/MiniProfiler",550,143,0,0,0,0,0,0,0,0,0,0,0,0,0,0,0,0,0,0
"ServiceStack","ServiceStack/ServiceStack",2544,1034,94,0,0,93,0,0,0,0,1,0,0,0,0,0,0,0,0,0
"mailcheck","Shopify/mailcheck",34,34,2,0,0,0,0,0,0,2,0,0,0,0,0,0,0,0,0,0
"oj","Shopify/oj",339,52,1,0,1,0,0,0,0,0,0,0,0,0,0,0,0,0,0,0
"grunt-ts","Softpagehomeware/grunt-ts",95,70,1,0,0,0,0,0,0,0,1,1,0,0,0,0,0,0,0,0
"WebAPIContrib","TerraVenil/WebAPIContrib",158,55,0,0,0,0,0,0,0,0,0,0,0,0,0,0,0,0,0,0
"doozerd","UpstandingHackers/doozerd",1357,241,11,0,0,0,0,0,0,0,9,0,2,0,0,0,0,0,0,0
"distributed-process","VicNumber21/distributed-process",592,117,46,0,3,0,0,0,0,0,0,0,0,0,0,0,0,2,41,0
"django-social-auth","VishvajitP/django-social-auth",938,266,3,0,0,0,0,0,0,0,0,0,0,0,3,0,0,0,0,0
"glue","WillsB3/glue",166,149,39,0,0,0,0,0,0,0,0,0,0,0,39,0,0,0,0,0
"clank","Wolfr/clank",56,168,18,0,0,0,0,0,0,2,1,0,7,9,0,0,0,0,0,0
"monodroid-samples","XamarinClone/monodroid-samples",373,268,2,0,0,1,0,0,1,0,0,0,0,0,0,0,0,0,0,0
"phpunit","9040044/phpunit",3357,926,284,0,0,0,0,0,0,0,18,0,0,268,0,0,0,0,0,0
"browser-diet","zenorocha/browser-diet",34,570,18,0,0,0,0,0,0,0,12,0,0,0,7,0,0,0,0,0
"aleph","ztellman/aleph",537,54,87,0,0,0,0,0,0,0,1,0,0,0,0,0,86,0,0,0
"lamina","ztellman/lamina",575,20,21,0,0,0,0,0,0,0,0,0,0,0,0,0,21,0,0,0
"beego","aamsur/beego",523,120,210,0,0,0,0,210,0,0,0,0,0,0,0,0,0,0,0,0
"MetroLog","abdulbaruwa/MetroLog",63,39,1,0,0,0,0,0,0,0,0,1,0,0,0,0,0,0,0,0
"scotty","adamflott/scotty",117,29,0,0,0,0,0,0,0,0,0,0,0,0,0,0,0,0,0,0
"tapkulibrary","adan016/tapkulibrary",301,84,21,0,21,0,0,0,0,0,0,0,0,0,0,0,0,0,0,0
"stream-lib","addthis/stream-lib",150,38,4,0,0,0,0,0,4,0,0,0,0,0,0,0,0,0,0,0
"Shelly.hs","adinapoli/Shelly.hs",196,84,0,0,0,0,0,0,0,0,0,0,0,0,0,0,0,0,0,0
"Midje","aeriksson/Midje",1784,209,1,0,0,0,0,0,0,0,0,0,0,0,0,0,1,0,0,0
"haste-compiler","akru/haste-compiler",578,128,33,0,6,0,0,0,0,0,1,0,0,0,0,0,0,0,26,0
"n2o","albertaixendri/n2o",334,144,9,0,0,0,0,0,0,0,0,0,0,0,0,0,0,9,0,0
"novocaine","alexbw/novocaine",36,16,12,0,8,0,10,0,0,0,0,0,0,0,0,0,0,0,0,0
"Slic3r","alexrj/Slic3r",443,49,1863,0,81,0,0,0,0,0,0,0,0,0,0,1839,0,0,0,0
"tengine","alibaba/tengine",205,104,123,0,86,0,0,0,0,0,0,0,0,0,1,52,0,0,0,0
"hydrogen","alworx/hydrogen",1409,528,212,0,201,0,0,0,0,0,0,0,0,3,9,0,0,0,0,0
"yaws","andreineculau/yaws",1408,639,25,0,0,0,0,0,0,0,5,0,0,0,0,0,0,20,0,0
"opencv","apavlenko/opencv",7295,2156,1919,0,1863,0,34,0,9,0,1,0,0,0,31,0,1,0,0,1
"pow","ariporad/pow",279,197,1,0,0,0,0,0,0,1,1,0,0,0,0,0,0,0,0,0
"clooj","arthuredelstein/clooj",533,56,26,0,0,0,0,0,0,0,0,0,0,0,0,0,26,0,0,0
"dapper-dot-net","asworo/dapper-dot-net",423,47,52,0,0,52,0,0,0,0,0,0,0,0,0,0,0,0,0,0
"summingbird","atomicjets/summingbird",612,34,245,0,0,0,0,0,21,0,0,0,0,0,0,0,0,0,0,233
"csscss","aunueget/csscss",124,46,0,0,0,0,0,0,0,0,0,0,0,0,0,0,0,0,0,0
"aura","aurapm/aura",634,90,0,0,0,0,0,0,0,0,0,0,0,0,0,0,0,0,0,0
"Imagine","avalanche123/Imagine",459,221,66,0,0,0,0,0,0,0,11,0,0,45,10,0,0,0,0,0
"mochiweb","basho/mochiweb",305,71,112,0,0,0,0,0,0,0,0,0,0,0,2,0,0,112,0,0
"eco","basisframework/eco",59,38,0,0,0,0,0,0,0,0,0,0,0,0,0,0,0,0,0,0
"batman","batmanjs/batman",2450,260,131,0,0,0,0,0,0,131,0,0,0,0,0,0,0,0,0,0
"goworker","benmanns/goworker",65,8,0,0,0,0,0,0,0,0,0,0,0,0,0,0,0,0,0,0
"hackney","benoitc/hackney",185,292,202,0,0,0,0,0,0,0,0,0,0,0,0,4,0,201,0,0
"purescript","bergmark/purescript",189,113,9,0,0,0,0,0,0,0,9,0,0,0,0,0,0,0,0,0
"Tweetian","bianshifeng/Tweetian",56,38,20,0,16,0,0,0,0,0,0,5,0,0,0,0,0,0,0,0
"jQuery-File-Upload","blueimp/jQuery-File-Upload",535,183,16,0,0,0,0,10,0,0,0,0,0,0,8,0,0,0,0,0
"legit","blueyed/legit",130,60,1,0,0,0,0,0,0,0,0,0,0,0,1,0,0,0,0,0
"slate","bradparks/slate",321,199,23,0,11,0,1,0,0,0,0,0,16,0,0,0,0,0,0,0
"git-annex","c0llision/git-annex",4349,13601,567,0,9,0,0,0,0,0,10,0,0,0,0,5,0,0,552,0
"friend","cemerick/friend",137,24,2,0,0,0,0,0,0,0,0,0,0,0,0,0,2,0,0,0
"enlive","cgrand/enlive",232,54,0,0,0,0,0,0,0,0,0,0,0,0,0,0,0,0,0,0
"stitch","cgvarela/stitch",55,21,0,0,0,0,0,0,0,0,0,0,0,0,0,0,0,0,0,0
"t","chastell/t",544,236,34,0,0,0,0,0,0,0,0,0,34,0,0,0,0,0,0,0
"Mobile-Detect","civenz/Mobile-Detect",208,82,20,0,0,0,0,0,0,0,0,0,0,20,0,0,0,0,0,0
"core.logic","clojure/core.logic",1511,232,1,0,0,0,0,0,0,0,0,0,0,0,0,0,1,0,0,0
"tools.nrepl","clojure/tools.nrepl",176,91,6,0,0,0,0,0,6,0,0,0,0,0,0,0,0,0,0,0
"clj-http","clyfe/clj-http",493,119,3,0,0,0,0,0,0,0,0,0,0,0,0,0,3,0,0,0
"ttrss","cnlpete/ttrss",102,147,20,0,20,0,0,0,0,0,0,0,0,0,0,0,0,0,0,0
"ImplicitCAD","colah/ImplicitCAD",312,62,203,0,0,0,0,0,0,0,0,0,0,0,0,0,0,0,203,0
"pdf2htmlEX","coolwanglu/pdf2htmlEX",140,658,651,0,646,0,0,0,0,0,0,0,0,0,6,0,0,0,0,0
"vim.js","coolwanglu/vim.js",93,42,35,0,6,0,0,0,0,0,33,0,0,0,1,0,0,0,0,0
"geocouch","couchbase/geocouch",176,36,4,0,0,0,0,0,0,0,0,0,0,0,0,4,0,0,0,0
"craftcoin","craftcoin/craftcoin",32,26,2,0,2,0,0,0,0,0,0,0,0,0,0,0,0,0,0,0
"GateOne","cyrus-zhang/GateOne",638,37,0,0,0,0,0,0,0,0,0,0,0,0,0,0,0,0,0,0
"seesaw","daveray/seesaw",817,60,18,0,0,0,0,0,0,0,0,0,0,0,0,0,18,0,0,0
"derby","derbyjs/derby",918,174,213,0,0,0,0,0,0,3,213,0,0,0,0,0,0,0,0,0
"Sirea","dmbarbour/Sirea",219,14,2,0,0,0,0,0,0,0,0,0,0,0,0,0,0,0,2,0
"DocSets-for-iOS","docterd/DocSets-for-iOS",46,19,11,0,5,0,10,0,0,0,0,0,0,0,0,0,0,0,0,0
"hadoop-book","dongyanyan/hadoop-book",82,68,7,0,1,0,0,0,0,0,0,0,1,0,6,0,0,0,0,0
"intentionjs","dowjones/intentionjs",171,57,16,0,0,0,0,0,0,0,16,0,0,0,0,0,0,0,0,0
"tourist","easelinc/tourist",58,67,0,0,0,0,0,0,0,0,0,0,0,0,0,0,0,0,0,0
"gmvault","erdincay/gmvault",739,175,41,0,0,0,0,0,0,0,0,0,0,0,41,0,0,0,0,0
"joxa","ericbmerritt/joxa",178,242,4,0,0,0,0,0,0,0,2,0,0,0,2,0,0,0,0,0
"SocketRocket","erikprice/SocketRocket",59,87,37,0,10,0,28,2,0,0,1,0,0,0,5,0,0,0,0,0
"boom","espebra/boom",51,8,2,0,0,0,0,2,0,0,0,0,0,0,0,0,0,0,0,0
"androidannotations","evchang/androidannotations",852,443,677,0,0,0,0,0,677,0,0,0,0,0,0,0,0,0,0,0
"facebook-php-sdk","facebookarchive/facebook-php-sdk",161,34,1,0,0,0,0,0,0,0,0,0,0,1,0,0,0,0,0,0
"three20","facebookarchive/three20",1238,251,104,0,104,0,0,0,0,0,0,0,0,0,0,0,0,0,0,0
"fr_public","farbrausch/fr_public",206,77,6,0,6,0,0,0,0,0,0,0,0,0,0,0,0,0,0,0
"fish-shell","fish-shell/fish-shell",2151,1758,541,0,504,0,0,0,0,0,8,0,0,0,33,0,0,0,0,0
"couchdb","fkaempfer/couchdb",2366,1365,1693,0,70,0,0,0,1,0,3,0,6,0,0,88,0,1542,0,0
"drip","flatland/drip",47,144,15,0,10,0,0,0,0,0,0,0,0,0,0,0,5,0,0,0
"MultiMarkdown","fletcher/MultiMarkdown",45,53,17,0,0,0,0,0,0,0,0,0,0,0,0,17,0,0,0,0
"jquery-endless-scroll","fredwu/jquery-endless-scroll",41,20,1,0,0,0,0,0,0,1,0,0,0,0,0,0,0,0,0,0
"typed-clojure","frenchy64/typed-clojure",406,40,0,0,0,0,0,0,0,0,0,0,0,0,0,0,0,0,0,0
"nu","gcbeyond/nu",357,278,41,0,34,0,7,0,0,0,0,0,1,0,0,0,0,0,0,0
"skeuocard","getupcloud/skeuocard",74,50,0,0,0,0,0,0,0,0,0,0,0,0,0,0,0,0,0,0
"llgo","go-llvm/llgo",557,27,47,0,1,0,0,46,0,0,0,0,0,0,0,0,0,0,0,0
"hw","hedgewars/hw",2494,5618,1235,1230,798,0,68,0,87,0,0,70,0,0,1,0,0,0,316,0
"criterium","hugoduncan/criterium",75,12,0,0,0,0,0,0,0,0,0,0,0,0,0,0,0,0,0,0
"Workless","iKreativ/Workless",28,99,16,0,0,0,0,0,0,0,16,0,0,0,0,0,0,0,0,0
"jayq","ibdknox/jayq",75,36,4,0,0,0,0,0,0,0,0,0,0,0,0,0,4,0,0,0
"identifi","identifi/identifi",70,8,0,0,0,0,0,0,0,0,0,0,0,0,0,0,0,0,0,0
"ring","ieure/ring",336,47,0,0,0,0,0,0,0,0,0,0,0,0,0,0,0,0,0,0
"edis","cbd/edis",321,35,0,0,0,0,0,0,0,0,0,0,0,0,0,0,0,0,0,0
"VsVim","jaredpar/VsVim",1871,531,146,0,0,146,0,0,0,0,0,0,0,0,0,0,0,0,0,0
"hubble","jaymedavis/hubble",34,14,0,0,0,0,0,0,0,0,0,0,0,0,0,0,0,0,0,0
"blueeyes","jdegoes/blueeyes",1597,185,2,0,0,0,0,0,0,0,1,0,0,0,0,0,0,0,0,1
"vimerl","jimenezrick/vimerl",171,268,0,0,0,0,0,0,0,0,0,0,0,0,0,0,0,0,0,0
"kibit","jonase/kibit",172,25,3,0,0,0,0,0,0,0,0,0,0,0,0,0,3,0,0,0
"graphene","jondot/graphene",47,16,2,0,0,0,0,0,0,1,1,0,1,0,0,0,0,0,0,0
"terminal-notifier","julienXX/terminal-notifier",41,28,15,0,1,0,0,0,0,0,0,0,14,0,0,0,0,0,0,0
"grunt-typescript","k-maru/grunt-typescript",62,20,2,0,0,0,0,0,0,0,1,2,0,0,0,0,0,0,0,0
"hbro","k0ral/hbro",132,17,0,0,0,0,0,0,0,0,0,0,0,0,0,0,0,0,0,0
"Korma","korma/Korma",209,32,22,0,0,0,0,0,0,0,2,0,0,0,0,0,20,0,0,0
"domina","levand/domina",143,35,1,0,0,0,0,0,0,0,1,0,0,0,0,0,0,0,0,0
"ccv","liuliu/ccv",477,61,27,0,19,0,0,0,0,0,7,0,0,2,0,0,0,0,0,0
"aeson","lpsmith/aeson",311,125,5,0,0,0,0,0,0,0,0,0,0,0,5,0,0,0,0,0
"macvim","macvim-dev/macvim",4296,3183,5020,0,4994,4,15,0,0,0,0,0,0,0,15,15,0,0,0,0
"quine-relay","mame/quine-relay",51,14,55,0,0,0,0,0,0,0,0,0,55,0,0,0,0,0,0,0
"isla","maryrosecook/isla",81,21,0,0,0,0,0,0,0,0,0,0,0,0,0,0,0,0,0,0
"ebot","matteoredaelli/ebot",176,59,1,0,0,0,0,0,0,0,0,0,0,0,0,0,0,1,0,0
"sbt-idea","mpeltonen/sbt-idea",261,126,0,0,0,0,0,0,0,0,0,0,0,0,0,0,0,0,0,0
"sidekiq","mperham/sidekiq",846,462,71,0,0,0,0,0,0,0,0,0,71,0,0,0,0,0,0,0
"contrib","munin-monitoring/contrib",39,2040,67,0,0,0,0,0,2,0,0,0,0,35,16,14,0,0,0,0
"phpredis","nFnK/phpredis",548,180,321,0,302,0,0,0,0,0,0,0,0,43,0,0,0,0,0,0
"namecoin-qt","namecoin-qt/namecoin-qt",559,150,65,0,60,0,0,0,0,0,0,2,0,0,3,0,0,0,0,0
"noir","noir-clojure/noir",182,27,0,0,0,0,0,0,0,0,0,0,0,0,0,0,0,0,0,0
"frak","noprompt/frak",34,13,0,0,0,0,0,0,0,0,0,0,0,0,0,0,0,0,0,0
"nginx-tutorials","openresty/nginx-tutorials",49,106,0,0,0,0,0,0,0,0,0,0,0,0,0,0,0,0,0,0
"misultin","ostinelli/misultin",251,53,3,0,0,0,0,0,0,0,0,0,0,0,0,0,0,3,0,0
"pallet","pallet/pallet",1755,364,3,0,0,0,0,0,0,0,0,0,0,0,0,0,3,0,0,0
"incanter","palmer0914/incanter",784,168,25,0,0,0,0,0,1,0,0,0,0,0,0,0,24,0,0,0
"carrierwave","paybygroup/carrierwave",888,395,5,0,0,0,0,0,0,0,0,0,5,0,0,0,0,0,0,0
"pedestal","pedestal/pedestal",446,97,32,0,0,0,0,0,3,0,1,0,10,0,0,0,21,0,0,0
"alpaca","pksunkara/alpaca",82,30,2,0,0,0,0,2,0,0,0,0,0,0,0,0,0,0,0,0
"dommy","plumatic/dommy",188,32,8,0,0,0,0,0,0,0,0,0,0,0,0,0,8,0,0,0
"plumbing","plumatic/plumbing",95,22,1,0,0,0,0,0,0,0,0,0,0,0,0,0,1,0,0,0
"scaloid","pocorall/scaloid",302,389,4,0,0,0,0,0,4,0,0,0,0,0,0,0,0,0,0,0
"phonegap-plugins","purplecabbage/phonegap-plugins",730,324,71,1,58,4,9,0,0,0,0,0,0,0,0,0,0,0,0,0
"QuickDialog","raiffeisennet/QuickDialog",480,71,26,0,26,0,0,0,0,0,0,0,0,0,0,0,0,0,0,0
"sublime-typescript","raph-amiard/sublime-typescript",28,10,4,0,0,0,0,0,0,0,2,3,0,0,0,0,0,0,0,0
"goagain","rcrowley/goagain",45,8,0,0,0,0,0,0,0,0,0,0,0,0,0,0,0,0,0,0
"roboguice","roboguice/roboguice",530,293,6,0,0,0,0,0,6,0,0,0,0,0,0,0,0,0,0,0
"jquery.transit","rstacruz/jquery.transit",92,72,4,0,0,0,0,0,0,0,4,0,0,0,0,0,0,0,0,0
"ruby","ruby/ruby",25360,4923,4059,0,4038,0,0,0,0,0,0,0,23,0,0,0,0,0,0,0
"bitcask","russelldb/bitcask",408,116,14,0,7,0,0,0,0,0,0,0,0,0,0,0,0,11,0,0
"ibrowse","russelldb/ibrowse",94,44,19,0,0,0,0,0,0,0,0,0,0,0,0,0,0,19,0,0
"robotquest","seanhess/robotquest",139,50,10,0,0,0,0,0,0,10,0,0,0,0,0,0,0,0,0,0
"typescript.api","sinclairzx81/typescript.api",145,31,1,0,0,0,0,0,0,0,0,1,0,0,0,0,0,0,0,0
"v8","sinoory/v8",3247,770,10400,0,10394,0,0,0,0,0,9,0,0,0,2,0,0,0,0,0
"conduit","snoyberg/conduit",599,100,4,0,0,0,0,0,0,0,0,0,0,0,0,0,0,0,4,0
"typescript-node-definitions","soywiz/typescript-node-definitions",152,5,0,0,0,0,0,0,0,0,0,0,0,0,0,0,0,0,0,0
"spray","spray/spray",1884,169,44,0,0,0,0,0,0,0,6,0,0,0,9,0,0,0,0,30
"clojurescript","stabilized/clojurescript",1708,177,0,0,0,0,0,0,0,0,0,0,0,0,0,0,0,0,0,0
"JASidePanels","stuffmc/JASidePanels",75,19,3,0,2,0,1,0,0,0,0,0,0,0,0,0,0,0,0,0
"clojure-scheme","takeoutweight/clojure-scheme",1540,147,1,0,0,0,0,0,0,0,0,0,0,0,0,0,1,0,0,0
"requirejs","tandehui/requirejs",782,296,3,0,0,0,0,0,0,0,2,0,0,1,0,0,0,0,0,0
"wp-svbtle","themeskult/wp-svbtle",195,113,4,0,0,0,0,0,0,0,2,0,0,3,0,0,0,0,0,0
"sqitch","theory/sqitch",54,95,784,0,0,0,0,0,0,0,0,0,0,0,0,784,0,0,0,0
"github-backup","timofonic-git/github-backup",80,57,6,0,0,0,0,0,0,0,0,0,0,0,0,0,0,0,6,0
"pcbsd","trueos/pcbsd",827,1057,24,0,13,0,0,0,0,0,2,7,0,1,0,1,0,0,0,0
"vegeta","tsenart/vegeta",68,50,1,0,0,0,0,1,0,0,0,0,0,0,0,0,0,0,0,0
"flockdb","twitter-archive/flockdb",444,193,10,0,0,0,0,0,0,0,0,0,10,0,0,0,0,0,0,0
"kestrel","twitter-archive/kestrel",695,246,29,0,0,0,0,0,0,0,0,0,4,0,0,0,0,0,0,25
"cassovary","twitter/cassovary",63,31,4,0,0,0,0,0,4,0,0,0,0,0,0,0,0,0,0,0
"snowflake","twitter/snowflake",187,100,9,0,0,0,0,0,0,0,0,0,9,0,0,0,0,0,0,0
"twui","ultragalactic/twui",303,20,10,0,10,0,0,0,0,0,0,0,0,0,0,0,0,0,0,0
"unetbootin","unetbootin/unetbootin",405,173,15,0,12,0,0,0,0,0,0,0,3,0,0,0,0,0,0,0
"gproc","uwiger/gproc",141,49,10,0,0,0,0,0,0,0,0,0,0,0,0,0,0,10,0,0
"darner","wavii/darner",95,33,23,0,23,0,0,0,0,0,0,0,0,0,0,0,0,0,0,0
"androidquery","waynezhang87/androidquery",517,125,0,0,0,0,0,0,0,0,0,0,0,0,0,0,0,0,0,0
"webpy","webpy/webpy",633,55,32,0,0,0,0,0,0,0,0,0,0,0,32,0,0,0,0,0
"node-imdb-api","worr/node-imdb-api",29,27,6,0,0,0,0,0,0,0,0,6,0,0,0,0,0,0,0,0
"rabbitmq-server","xuejianhai/rabbitmq-server",7643,1209,837,0,0,0,0,0,0,0,0,0,0,0,1,45,0,792,0,0
"scalaz","xuwei-k/scalaz",3390,349,11,0,0,0,0,0,3,0,0,0,0,0,0,0,0,0,0,8
"generator-angular","yeoman/generator-angular",217,130,11,0,0,0,0,0,0,10,1,0,0,0,0,0,0,0,0,0
"generator-mobile","yeoman/generator-mobile",0,0,0,48,0,0,0,0,0,0,0,0,0,0,0,0,0,0,0,0
"ngrok","yu19930123/ngrok",183,45,10,0,0,0,0,6,0,0,4,0,0,0,0,0,0,0,0,0
"MPFoldTransition","yuyedaidao/MPFoldTransition",38,23,2,0,2,0,0,0,0,0,0,0,0,0,0,0,0,0,0,0
